Trial,time,PositionX,PositionY,PositionZ,RotationQX,RotationQY,RotationQZ,RotationQW
1,0,0.207346,1.083036,-0.2444057,0.2565093,-0.443922,0.7724603,-0.3747548
1,0,0.207346,1.083036,-0.2444057,0.2565093,-0.443922,0.7724603,-0.3747548
1,0.01111111,0.2074419,1.083526,-0.2410796,0.2622084,-0.4391236,0.7693004,-0.382876
